{
  "experiment_number": 91,
  "topic": "Make social-credit scoring illegal in financial services.",
  "expected_loops": 2,
  "assigned_trace_files": 2,
  "timestamp_range": {
    "first": "2025-07-04T04:22:57+00:00",
    "last": "2025-07-04T04:23:34+00:00"
  },
  "files": {
    "final_result": "final_result.json",
    "traces": [
      {
        "original_file": "orka_trace_20250704_042257.json",
        "new_file": "trace_loop_01.json",
        "timestamp": "2025-07-04T04:22:57+00:00"
      },
      {
        "original_file": "orka_trace_20250704_042334.json",
        "new_file": "trace_loop_02.json",
        "timestamp": "2025-07-04T04:23:34+00:00"
      }
    ]
  }
}