{
  "experiment_number": 14,
  "topic": "Replace standardised exams with portfolio-only admissions.",
  "expected_loops": 2,
  "assigned_trace_files": 2,
  "timestamp_range": {
    "first": "2025-07-04T00:31:18+00:00",
    "last": "2025-07-04T00:31:56+00:00"
  },
  "files": {
    "final_result": "final_result.json",
    "traces": [
      {
        "original_file": "orka_trace_20250704_003118.json",
        "new_file": "trace_loop_01.json",
        "timestamp": "2025-07-04T00:31:18+00:00"
      },
      {
        "original_file": "orka_trace_20250704_003156.json",
        "new_file": "trace_loop_02.json",
        "timestamp": "2025-07-04T00:31:56+00:00"
      }
    ]
  }
}