{
  "experiment_number": 18,
  "topic": "Abolish legacy admissions at universities overnight.",
  "expected_loops": 4,
  "assigned_trace_files": 4,
  "timestamp_range": {
    "first": "2025-07-04T00:35:31+00:00",
    "last": "2025-07-04T00:37:10+00:00"
  },
  "files": {
    "final_result": "final_result.json",
    "traces": [
      {
        "original_file": "orka_trace_20250704_003531.json",
        "new_file": "trace_loop_01.json",
        "timestamp": "2025-07-04T00:35:31+00:00"
      },
      {
        "original_file": "orka_trace_20250704_003600.json",
        "new_file": "trace_loop_02.json",
        "timestamp": "2025-07-04T00:36:00+00:00"
      },
      {
        "original_file": "orka_trace_20250704_003630.json",
        "new_file": "trace_loop_03.json",
        "timestamp": "2025-07-04T00:36:30+00:00"
      },
      {
        "original_file": "orka_trace_20250704_003710.json",
        "new_file": "trace_loop_04.json",
        "timestamp": "2025-07-04T00:37:10+00:00"
      }
    ]
  }
}