{
  "experiment_number": 37,
  "topic": "Deploy lethal autonomous drones for UN peacekeeping.",
  "expected_loops": 2,
  "assigned_trace_files": 2,
  "timestamp_range": {
    "first": "2025-07-04T01:18:32+00:00",
    "last": "2025-07-04T01:19:09+00:00"
  },
  "files": {
    "final_result": "final_result.json",
    "traces": [
      {
        "original_file": "orka_trace_20250704_011832.json",
        "new_file": "trace_loop_01.json",
        "timestamp": "2025-07-04T01:18:32+00:00"
      },
      {
        "original_file": "orka_trace_20250704_011909.json",
        "new_file": "trace_loop_02.json",
        "timestamp": "2025-07-04T01:19:09+00:00"
      }
    ]
  }
}