{
  "experiment_number": 10,
  "topic": "Nationalise all for-profit elder-care homes.",
  "expected_loops": 1,
  "assigned_trace_files": 1,
  "timestamp_range": {
    "first": "2025-07-04T00:27:20+00:00",
    "last": "2025-07-04T00:27:20+00:00"
  },
  "files": {
    "final_result": "final_result.json",
    "traces": [
      {
        "original_file": "orka_trace_20250704_002720.json",
        "new_file": "trace_loop_01.json",
        "timestamp": "2025-07-04T00:27:20+00:00"
      }
    ]
  }
}