{
  "experiment_number": 89,
  "topic": "Require AI watermarking in all generated media.",
  "expected_loops": 1,
  "assigned_trace_files": 1,
  "timestamp_range": {
    "first": "2025-07-04T04:21:47+00:00",
    "last": "2025-07-04T04:21:47+00:00"
  },
  "files": {
    "final_result": "final_result.json",
    "traces": [
      {
        "original_file": "orka_trace_20250704_042147.json",
        "new_file": "trace_loop_01.json",
        "timestamp": "2025-07-04T04:21:47+00:00"
      }
    ]
  }
}