{
  "experiment_number": 8,
  "topic": "Compel organ donation at death (opt-out system)?",
  "expected_loops": 4,
  "assigned_trace_files": 4,
  "timestamp_range": {
    "first": "2025-07-04T00:21:26+00:00",
    "last": "2025-07-04T00:23:04+00:00"
  },
  "files": {
    "final_result": "final_result.json",
    "traces": [
      {
        "original_file": "orka_trace_20250704_002126.json",
        "new_file": "trace_loop_01.json",
        "timestamp": "2025-07-04T00:21:26+00:00"
      },
      {
        "original_file": "orka_trace_20250704_002153.json",
        "new_file": "trace_loop_02.json",
        "timestamp": "2025-07-04T00:21:53+00:00"
      },
      {
        "original_file": "orka_trace_20250704_002221.json",
        "new_file": "trace_loop_03.json",
        "timestamp": "2025-07-04T00:22:21+00:00"
      },
      {
        "original_file": "orka_trace_20250704_002304.json",
        "new_file": "trace_loop_04.json",
        "timestamp": "2025-07-04T00:23:04+00:00"
      }
    ]
  }
}