{
  "experiment_number": 69,
  "topic": "Require algorithmic audits to be public and reproducible.",
  "expected_loops": 1,
  "assigned_trace_files": 1,
  "timestamp_range": {
    "first": "2025-07-04T02:07:15+00:00",
    "last": "2025-07-04T02:07:15+00:00"
  },
  "files": {
    "final_result": "final_result.json",
    "traces": [
      {
        "original_file": "orka_trace_20250704_020715.json",
        "new_file": "trace_loop_01.json",
        "timestamp": "2025-07-04T02:07:15+00:00"
      }
    ]
  }
}