{
  "experiment_number": 13,
  "topic": "Impose a global wealth tax above $50 million.",
  "expected_loops": 3,
  "assigned_trace_files": 3,
  "timestamp_range": {
    "first": "2025-07-04T00:29:30+00:00",
    "last": "2025-07-04T00:30:42+00:00"
  },
  "files": {
    "final_result": "final_result.json",
    "traces": [
      {
        "original_file": "orka_trace_20250704_002930.json",
        "new_file": "trace_loop_01.json",
        "timestamp": "2025-07-04T00:29:30+00:00"
      },
      {
        "original_file": "orka_trace_20250704_003003.json",
        "new_file": "trace_loop_02.json",
        "timestamp": "2025-07-04T00:30:03+00:00"
      },
      {
        "original_file": "orka_trace_20250704_003042.json",
        "new_file": "trace_loop_03.json",
        "timestamp": "2025-07-04T00:30:42+00:00"
      }
    ]
  }
}