{
  "experiment_number": 80,
  "topic": "Regulate digital resurrection of celebrities\u2014family consent only?",
  "expected_loops": 8,
  "assigned_trace_files": 8,
  "timestamp_range": {
    "first": "2025-07-04T02:23:07+00:00",
    "last": "2025-07-04T02:26:34+00:00"
  },
  "files": {
    "final_result": "final_result.json",
    "traces": [
      {
        "original_file": "orka_trace_20250704_022307.json",
        "new_file": "trace_loop_01.json",
        "timestamp": "2025-07-04T02:23:07+00:00"
      },
      {
        "original_file": "orka_trace_20250704_022334.json",
        "new_file": "trace_loop_02.json",
        "timestamp": "2025-07-04T02:23:34+00:00"
      },
      {
        "original_file": "orka_trace_20250704_022401.json",
        "new_file": "trace_loop_03.json",
        "timestamp": "2025-07-04T02:24:01+00:00"
      },
      {
        "original_file": "orka_trace_20250704_022429.json",
        "new_file": "trace_loop_04.json",
        "timestamp": "2025-07-04T02:24:29+00:00"
      },
      {
        "original_file": "orka_trace_20250704_022456.json",
        "new_file": "trace_loop_05.json",
        "timestamp": "2025-07-04T02:24:56+00:00"
      },
      {
        "original_file": "orka_trace_20250704_022523.json",
        "new_file": "trace_loop_06.json",
        "timestamp": "2025-07-04T02:25:23+00:00"
      },
      {
        "original_file": "orka_trace_20250704_022554.json",
        "new_file": "trace_loop_07.json",
        "timestamp": "2025-07-04T02:25:54+00:00"
      },
      {
        "original_file": "orka_trace_20250704_022634.json",
        "new_file": "trace_loop_08.json",
        "timestamp": "2025-07-04T02:26:34+00:00"
      }
    ]
  }
}