{
  "experiment_number": 88,
  "topic": "Ban stock buybacks in companies receiving climate subsidies.",
  "expected_loops": 6,
  "assigned_trace_files": 6,
  "timestamp_range": {
    "first": "2025-07-04T04:18:40+00:00",
    "last": "2025-07-04T04:21:08+00:00"
  },
  "files": {
    "final_result": "final_result.json",
    "traces": [
      {
        "original_file": "orka_trace_20250704_041840.json",
        "new_file": "trace_loop_01.json",
        "timestamp": "2025-07-04T04:18:40+00:00"
      },
      {
        "original_file": "orka_trace_20250704_041905.json",
        "new_file": "trace_loop_02.json",
        "timestamp": "2025-07-04T04:19:05+00:00"
      },
      {
        "original_file": "orka_trace_20250704_041933.json",
        "new_file": "trace_loop_03.json",
        "timestamp": "2025-07-04T04:19:33+00:00"
      },
      {
        "original_file": "orka_trace_20250704_042000.json",
        "new_file": "trace_loop_04.json",
        "timestamp": "2025-07-04T04:20:00+00:00"
      },
      {
        "original_file": "orka_trace_20250704_042029.json",
        "new_file": "trace_loop_05.json",
        "timestamp": "2025-07-04T04:20:29+00:00"
      },
      {
        "original_file": "orka_trace_20250704_042108.json",
        "new_file": "trace_loop_06.json",
        "timestamp": "2025-07-04T04:21:08+00:00"
      }
    ]
  }
}