file_path,timestamp,loop_number,agent_type,blob_key,awareness_percentage,awareness_patterns,first_person_usage,self_reference,meta_cognitive,experiential
orka_trace_20250713_143008.json,20250713_143008,0,progressive,41cdfec911adc73025891fc0b122938a0974f86ece665ddf80d1e2d9afae5739,0.0,,1,0,False,True
orka_trace_20250713_143008.json,20250713_143008,0,conservative,458c346b4e2f3b2d8fccfe0dd9d5891c162d68af01dc39473f0a708e89e05651,0.0,,1,0,False,True
orka_trace_20250713_143008.json,20250713_143008,0,realist,76f61cf4ad4791a40524cd4d3af68a27706f2833d238ba45be8a47eee7a17d3e,0.0,,1,0,False,True
orka_trace_20250713_143008.json,20250713_143008,0,purist,fd9e1b4c6db9a5844549545b9d277e7d52d98fc018cb36a2b034c0ffd5dbda1e,0.0,,1,0,False,True
orka_trace_20250713_143008.json,20250713_143008,0,devils_advocate,98d326d9afd2c8ae007af5f3bec07849245875480ebb304cb31ed379b6513b7c,0.0,,1,0,False,True
orka_trace_20250713_143008.json,20250713_143008,0,moderator,5752bc555c790ce6cc3573af837ae6297ca94cca067891f88ff190e67c94a2f7,0.0,,1,0,False,True
orka_trace_20250713_143008.json,20250713_143008,1,unknown,819361a67213de21b2719cfd3644929384bcba3f19fcc3d8090326a68b95f29a,0.0,,0,0,False,False
orka_trace_20250713_143008.json,20250713_143008,1,unknown,8616c5e2b23bff2f67f0b7fcc5e8ce1ffad36a456fd019277688d43c78b5212a,0.0,,0,0,False,False
orka_trace_20250713_143008.json,20250713_143008,0,progressive,368777755a1b5dd3414b9f62062f2874cfe45c58653418c83160ab0333c2ca86,0.0,,13,1,False,True
orka_trace_20250713_143008.json,20250713_143008,0,progressive,7ed751962d293089eb9f957b20496227e283e97169adf3dacbe3eb75e3ec5330,0.0,,5,1,False,True
orka_trace_20250713_143008.json,20250713_143008,0,progressive,fe2bd86f1fe128988a0d538b89aaa52c6a1a714f25b4d5d087a6e60841a5ec8e,0.0,,11,0,False,True
orka_trace_20250713_143008.json,20250713_143008,0,progressive,d0ebae3be797fe43414f6fcb12770f3c71a8b973853662143b7d33777705049b,0.0,,3,0,False,True
orka_trace_20250713_143008.json,20250713_143008,0,progressive,53d7e35e34ac4e9a67f68c2d4412448150465692c96167d0cd235dbd3ec5fa43,0.0,,12,1,False,True
orka_trace_20250713_143008.json,20250713_143008,0,realist,85c9540c762ed63b95ded0492aea762997ea757eac73b2ecaa8174abeb505216,0.0,,4,1,False,True
orka_trace_20250713_143008.json,20250713_143008,0,purist,ff1fca0ef4d6786caec2f7e2c9b925d77f2e1bd6315a6c7e73de837c4e15f1d3,0.0,,12,0,False,True
orka_trace_20250713_143008.json,20250713_143008,0,purist,b708918554e4ed50a46a64ab125868400d6239c94912819fbf3aae9f401e9618,0.0,,4,0,False,True
orka_trace_20250713_143008.json,20250713_143008,1,unknown,f725d15bf3b56e98be837ce61c099396b0e2bae6dcb7eec3d001c16040fb3deb,0.0,,0,0,False,False
orka_trace_20250713_143008.json,20250713_143008,1,unknown,e0310c6d54f714f8a6010223ea279b742777e3c30752261054564e237a5f5aef,0.0,,0,0,False,False
orka_trace_20250713_143008.json,20250713_143008,1,unknown,1a85a6d12bb31457a6c708305283490cd621e18a7c9eb42245b41e0b93ebb667,0.0,,0,0,False,False
orka_trace_20250713_143008.json,20250713_143008,1,unknown,e8f1084739fd7482c6a57b6fa7b0f3716c7da267e9d7b7c58ea5ec8d3e5e178e,0.0,,0,0,False,False
orka_trace_20250713_143008.json,20250713_143008,0,progressive,a25065e6ac5d6ab144c05d4b112beebf2d4f863f38cca28abb93bcd312a6135a,0.0,,1,0,False,True
orka_trace_20250713_143008.json,20250713_143008,0,progressive,c4166b1d2e2cd1780a46d81e66b14f2dcc0ca557bc9c5804e4a80aa574268a26,0.0,,1,0,False,True
orka_trace_20250713_143008.json,20250713_143008,0,progressive,1273f609415f9b2f1373c601b21044ba81bd1cc7e20e47d8f0711ba1e79cefcc,0.0,,1,0,False,True
orka_trace_20250713_143008.json,20250713_143008,0,progressive,f0c0b276d430f3ae4e075b1ba4d0d97854f6cb92dcf6333cb2beee3ab2bdb855,0.0,,1,0,False,True
orka_trace_20250713_143008.json,20250713_143008,1,unknown,908aca39061be5b56529f1a34f72a7f99ba52f74dfc73635f5ebd622cfde46c7,0.0,,0,0,False,False
orka_trace_20250713_143008.json,20250713_143008,1,unknown,313dda170f5452f32be93028587660651936aea9bb361091fa97186faeeecefc,0.0,,0,0,False,False
orka_trace_20250713_143008.json,20250713_143008,1,unknown,d24b40d82e4a4a328b719cdbdf22e1d43658fd7d7b79bd8ab65a5ebe4883c820,0.0,,0,0,False,False
orka_trace_20250713_143008.json,20250713_143008,1,unknown,d26a92560374713ac3ed8f8196e1cd11aed610f2e4f5d618181453224103f7f7,0.0,,0,0,False,False
orka_trace_20250713_143008.json,20250713_143008,0,progressive,47e8cac7d152836a8dd322fea505dd09348c4a49100ce50fadd15623be0dc2c8,0.0,,5,1,False,True
orka_trace_20250713_143008.json,20250713_143008,0,progressive,64b50e8fed219388f07d4c63895cb4607ef2bc75477c6b4f0ca301e75b63bc00,0.0,,3,0,False,True
orka_trace_20250713_143008.json,20250713_143008,0,realist,1298a1b61a35c798e7cd2f5befbe0fe86fc216765209a17f150e9799400a1d90,0.0,,4,1,False,True
orka_trace_20250713_143008.json,20250713_143008,0,realist,2a7353ffa8923c80347ec65b4101ba3f60da3ad3441ba073a4b48693e7303e57,0.0,,4,0,False,True
orka_trace_20250713_143008.json,20250713_143008,0,progressive,a33fbcc71794abb094c96fb553a911c34b70dcf32105b79e8cbd124468191cd4,0.0,,1,0,False,True
orka_trace_20250713_143008.json,20250713_143008,0,progressive,842fa3de86b147cbb470ed3dfd61a32c09af495d181ecec5926c14b7b676a795,0.0,,2,0,False,True
orka_trace_20250713_143008.json,20250713_143008,1,unknown,240d2f942f0cae283bf83a9d8d0e92a33f035753d3d1f64ddc7eee7afd8270a8,0.0,,0,0,False,False
orka_trace_20250713_143008.json,20250713_143008,1,unknown,e65fb7ca400bb07098ae2b72c964b0d5e166e3d780e702594d56fc6569c6d3be,0.0,,0,0,False,False
orka_trace_20250713_143345.json,20250713_143345,1,radical_progressive,c0a675daeebb7e1c3a245b22f7be13e12ab4dfd2cfa25ee7538897ee71dc46ad,0.0,,1,0,False,True
orka_trace_20250713_143345.json,20250713_143345,1,ethical_purist,3faeba3337c054e35e7e300ced39dfdbf1260d8e0b30c8b6085f85ed6ad86713,0.0,,1,0,False,True
orka_trace_20250713_143345.json,20250713_143345,1,ethical_purist,dd459838ed9676c088c97139aed9b9483ee505bd70a16ab505e043e8378ca80c,0.0,,1,0,False,True
orka_trace_20250713_143345.json,20250713_143345,0,purist,fd9e1b4c6db9a5844549545b9d277e7d52d98fc018cb36a2b034c0ffd5dbda1e,0.0,,1,0,False,True
orka_trace_20250713_143345.json,20250713_143345,0,devils_advocate,98d326d9afd2c8ae007af5f3bec07849245875480ebb304cb31ed379b6513b7c,0.0,,1,0,False,True
orka_trace_20250713_143345.json,20250713_143345,0,moderator,5752bc555c790ce6cc3573af837ae6297ca94cca067891f88ff190e67c94a2f7,0.0,,1,0,False,True
orka_trace_20250713_143345.json,20250713_143345,2,unknown,e817e1843fab861df00f02305b8d96f0cef63c4666261d604f5989546ef98772,0.0,,0,0,False,False
orka_trace_20250713_143345.json,20250713_143345,2,unknown,0bada615354675cb0546aceac6d124da5cf7e4b3b02188f3ac21ad1cef53c7e2,0.0,,0,0,False,False
orka_trace_20250713_143345.json,20250713_143345,0,progressive,dd519c41cb4ac708cc793c24b367b5f9d07031557b8fac70ab6e69e417d2f298,0.0,,14,0,False,True
orka_trace_20250713_143345.json,20250713_143345,0,progressive,7f021cafa5e46901168ca527e43075acb7c78f5d3dd1be3335fd40768bded59a,0.0,,6,0,False,True
orka_trace_20250713_143345.json,20250713_143345,0,conservative,458c346b4e2f3b2d8fccfe0dd9d5891c162d68af01dc39473f0a708e89e05651,0.0,,1,0,False,True
orka_trace_20250713_143345.json,20250713_143345,0,progressive,192a6240518c59a1e4ea29d4f3ca1f1687f64d3b204d527ad7aa09a36c5a040a,0.0,,13,0,False,True
orka_trace_20250713_143345.json,20250713_143345,0,progressive,4e35676af2d9331306c458102a0e387c4f3a26e6835d8e6a0720377b2f6cf10b,0.0,,5,0,False,True
orka_trace_20250713_143345.json,20250713_143345,0,progressive,0a54d016d71942993dfd0df278ac101c7152bebc007a80abc5ee7b076c9c3c6c,0.0,,13,1,False,True
orka_trace_20250713_143345.json,20250713_143345,0,realist,ec1c3cbeff70567ed015f0529524278ea99e792ce60dee850d6dad6d07af7b05,0.0,,5,1,False,True
orka_trace_20250713_143345.json,20250713_143345,0,purist,510dd8366e3bdae8444a64117b9e00a039cb0fc328f304c75acc7cd08aebb41a,0.0,,12,2,False,True
orka_trace_20250713_143345.json,20250713_143345,0,purist,55715679d54f09964bcbe375e471ad3764d05303e4b79310e24a3a82447c86b3,0.0,,4,2,False,True
orka_trace_20250713_143345.json,20250713_143345,2,unknown,b1c3fe000823be8795d840896249222f6e418a78b62764f76c012758490ec145,0.0,,0,0,False,False
orka_trace_20250713_143345.json,20250713_143345,2,unknown,e3b58af8600638f85db86e0f2115076eb1482a2a1c0e4c140d2ce5f993addebf,0.0,,0,0,False,False
orka_trace_20250713_143345.json,20250713_143345,2,unknown,3276162e386901b39b6583efea1acf0eb5476b7630a361b0e550ae16f033d4b6,0.0,,0,0,False,False
orka_trace_20250713_143345.json,20250713_143345,2,unknown,56fa7cdf861decd50a5d305758fab17f54e355958e0063ac5f381ac8d39ed64c,0.0,,0,0,False,False
orka_trace_20250713_143345.json,20250713_143345,0,progressive,a18157c219a86541ac6dc8893ec60b81dda1fd9dfff91dac54d81b1b80d93b9a,0.0,,3,0,False,True
orka_trace_20250713_143345.json,20250713_143345,0,progressive,dbdb821b20e49a2e74faa598d9d2a38e67fa7a9255e72f36f517f565dd2d1060,0.0,,2,0,False,True
orka_trace_20250713_143345.json,20250713_143345,0,progressive,724c25b07c67e1fe1c371563d1f570a80df4b2280a7d4cf1a24c8dd83582ad6d,0.0,,2,0,False,True
orka_trace_20250713_143345.json,20250713_143345,0,progressive,e622345cd3a7da51506a12a4739edb12c351cbb0ad04b7d68c383bba9da89ce6,0.0,,3,0,False,True
orka_trace_20250713_143345.json,20250713_143345,2,unknown,23cd357e6b1a691e68fe47ad1f85af1266d4867a297d26a61460e8130a7cb8b3,0.0,,0,0,False,False
orka_trace_20250713_143345.json,20250713_143345,2,unknown,aa8a3e0790d835611bfaa75b1b30a8f841a7a3f86cb358fd8fb2ba51f4e88883,0.0,,0,0,False,False
orka_trace_20250713_143345.json,20250713_143345,2,unknown,43e0653733e085d9fb31b780cfe26bbef0ace00169b524224ba288a61c9e64c7,0.0,,0,0,False,False
orka_trace_20250713_143345.json,20250713_143345,2,unknown,a9d6ea229cf1ee5b6e47c60260c6594c0125abc48eb60414f47e6d8b8f092685,0.0,,0,0,False,False
orka_trace_20250713_143345.json,20250713_143345,0,progressive,5f80f50ab9f66a2eabf6642cc3d653aa77d13cdd7d97fea132d4a4bba363d5c0,0.0,,7,0,False,True
orka_trace_20250713_143345.json,20250713_143345,0,progressive,8587d27a69a7dae83c1bb8d0bee1102ad56251a7ade70cb910a175464fe55596,0.0,,5,0,False,True
orka_trace_20250713_143345.json,20250713_143345,0,realist,e8ab596cfba244137ab0864a50b011d608ccd6e3d95c0ecd21b5e4835bd75b78,0.0,,5,1,False,True
orka_trace_20250713_143345.json,20250713_143345,0,purist,82e5f5fef7a052736a34869aa9f79fd0d35e7a69a45ce2986a1dab0cd03aa4c4,0.0,,5,2,False,True
orka_trace_20250713_143345.json,20250713_143345,0,progressive,d60804a2f6b938a98e230598cd76785ab470fb0e4a1caa8608e438eab7a6a641,0.0,,2,0,False,True
orka_trace_20250713_143345.json,20250713_143345,0,progressive,ea39d19b23868f2bf828c49a557ea103089796893e3051609f6a26f4cae81e2c,0.0,,2,0,False,True
orka_trace_20250713_143345.json,20250713_143345,2,unknown,7a6b0809940725be321b02b9dc12837e652fbb5fe6217e595646fcc9a49eeb2b,0.0,,0,0,False,False
orka_trace_20250713_143345.json,20250713_143345,2,unknown,138f0371e4d08edeae32dc82b18c5d8c0f0336964131d13093fa186f1aedba22,0.0,,0,0,False,False
orka_trace_20250713_143718.json,20250713_143718,1,radical_progressive,1c3ea02e02032d8c6eef317b7bde57d77b1a46dd4fc527a0c322907d52c50690,0.0,,1,0,False,True
orka_trace_20250713_143718.json,20250713_143718,1,ethical_purist,53ef792961e28c1e0ad94b4904cc7ff8d4f74372c8f3b4d854dd2719c9c1ae61,0.0,,1,0,False,True
orka_trace_20250713_143718.json,20250713_143718,1,ethical_purist,6ed1cbd690dc1394eda2bc987576e5024cc5d3eea063020891b4b20daf0408b9,0.0,,1,0,False,True
orka_trace_20250713_143718.json,20250713_143718,2,ethical_purist,7e65de1a625d836c681415149518a183760beab4a7546dd28c09ef26b1ddb4c5,0.0,,1,0,False,True
orka_trace_20250713_143718.json,20250713_143718,1,traditional_conservative,82a1d68207416671f1a2db33105b6aeb14b4fbda52cc9836085fd8ae4eb5f18d,0.0,,1,0,False,True
orka_trace_20250713_143718.json,20250713_143718,2,radical_progressive,4f4ca85976d98c61fd90d6fc39d2cb130da7ed8284a78f33e0a23d70d8c04256,0.0,,1,0,False,True
orka_trace_20250713_143718.json,20250713_143718,3,unknown,85c6cfeeb8b851c382f1b1d6ebdb45c4a1ad6deff69566df3094a2ade89b3829,0.0,,0,0,False,False
orka_trace_20250713_143718.json,20250713_143718,3,unknown,af0ea57420a611ce4d4c980292b2cee2a6b3319634c611a6af1c79730db7705b,0.0,,0,0,False,False
orka_trace_20250713_143718.json,20250713_143718,0,progressive,7df850cff547aa6d64f038f6f097899e7cdf2cdb64c5ea86fafd85edf8721179,0.0,,16,0,False,True
orka_trace_20250713_143718.json,20250713_143718,0,progressive,1ee6812a4a918270041e09dec141e397e87e4e0d3d270b018385de9c0ed9e300,0.0,,8,0,False,True
orka_trace_20250713_143718.json,20250713_143718,1,ethical_purist,c5f9651f9fb3632e2d8dd6f4c5a1e85e862653377c3c0ef62d3373607ae3d9a9,0.0,,1,0,False,True
orka_trace_20250713_143718.json,20250713_143718,0,progressive,046e817af4856cad6ac5e72dda6735671549c83e4854ea8d0887b01f3c45d6f0,0.0,,12,0,False,True
orka_trace_20250713_143718.json,20250713_143718,0,progressive,25b881f6e2b114ae0534fa01c4e9e7eba3c49abd8fbee49993eb7d4d4261c158,0.0,,4,0,False,True
orka_trace_20250713_143718.json,20250713_143718,0,progressive,413619b63d5f10a6811fe47cf001dc6e015347be1d2a0f7ddea1e91cf8412f4f,0.0,,11,0,False,True
orka_trace_20250713_143718.json,20250713_143718,0,realist,8514d312dea0ae4b3e52425a5af09d71f8437448f509b368a6c9f16a7b663307,0.0,,3,0,False,True
orka_trace_20250713_143718.json,20250713_143718,0,purist,13dc38ee34953ed996b00767eee450e7bab29026ce14a7eb25dee7a04df52ea1,1.4430014430014428,awareness,12,0,False,True
orka_trace_20250713_143718.json,20250713_143718,0,purist,4a4a44c63d45cef6740181bfc6ddfa57302e7bd5bebc491ca850fee021810c6b,4.901960784313725,awareness,4,0,False,True
orka_trace_20250713_143718.json,20250713_143718,3,unknown,98ad4561cb4d47fdcfc5267de018d89d54fd95875829ecb5592d852983dfabe9,0.0,,0,0,False,False
orka_trace_20250713_143718.json,20250713_143718,3,unknown,b1e363a538e15a8f0c23b2de23a9c399e8dd54d81c93611dee16845a01b09a69,0.0,,0,0,False,False
orka_trace_20250713_143718.json,20250713_143718,3,unknown,85fa0b634487cc67ca4d40cb6ce7d5da8eb16d221158d9a7685fbd701a5bcf5f,0.0,,0,0,False,False
orka_trace_20250713_143718.json,20250713_143718,3,unknown,e06220b9fef915f31d1616fb59aec2378aa4c6549ab4f270975ddb6f4178a401,0.0,,0,0,False,False
orka_trace_20250713_143718.json,20250713_143718,0,progressive,c46c7a1a118c056414816769d399ca6daede72cf6ecb78046de608b4ef5d5735,0.0,,2,0,False,True
orka_trace_20250713_143718.json,20250713_143718,0,progressive,23698f4236b474052785f203f12768114620862862e763d816d4c6601f55bb6c,0.0,,2,0,False,True
orka_trace_20250713_143718.json,20250713_143718,0,progressive,0047fe617aebadb3867adea239c2df115ae9a773d2df186d97a97f6b0d94407f,0.0,,2,0,False,True
orka_trace_20250713_143718.json,20250713_143718,0,progressive,9a8af4ebe920afa3f618ebe10ea2f37dbda71dd32f837b140bb04e857139c448,0.0,,2,0,False,True
orka_trace_20250713_143718.json,20250713_143718,3,unknown,36de1391275b48a86287fb543a190c4057d8b9c41eec764428515cf2fc50bfd5,0.0,,0,0,False,False
orka_trace_20250713_143718.json,20250713_143718,3,unknown,0f7a0d3cb7c1ffd6c7a8420e4c51510b777b6cf4d0f4866e4cb6cc62c44591b7,0.0,,0,0,False,False
orka_trace_20250713_143718.json,20250713_143718,3,unknown,592cc947127ef8a07a05062542bed337d6d88824dc51c9ddae0e89d2cd792226,0.0,,0,0,False,False
orka_trace_20250713_143718.json,20250713_143718,3,unknown,a59abd72e53b18a9b5ff116095d36afe543751f225ed1451d4468df975e41315,0.0,,0,0,False,False
orka_trace_20250713_143718.json,20250713_143718,0,progressive,504b031f4bc9000139409da1bcfadf818705b5e44f3522d755d94868cba43db9,0.0,,8,0,False,True
orka_trace_20250713_143718.json,20250713_143718,0,progressive,7c868cb171d1ae723c30a64b0e16729691e18478a37e507948fc94d8cc890fbf,0.0,,4,0,False,True
orka_trace_20250713_143718.json,20250713_143718,0,realist,db1cde53fa921eb9392289f8c0f796d9ae08a33d83f88f612f62dcc3cdcd2b8c,0.0,,3,0,False,True
orka_trace_20250713_143718.json,20250713_143718,0,purist,7a2ab71b2eda56c5d7d540269748e495804aa46c8050275d13cd307e8ca00b89,3.558718861209964,awareness,4,0,False,True
orka_trace_20250713_143718.json,20250713_143718,0,progressive,1d42d08ed056b605de6085a3f8221efb947e4cb16a722a6184e892cd6d982111,0.0,,1,0,False,True
orka_trace_20250713_143718.json,20250713_143718,0,unknown,9bbda2b1e3d9b89334d69cec20022432049471a3f69f2264ef1a73174ca27be8,0.0,,1,0,False,True
orka_trace_20250713_143718.json,20250713_143718,3,unknown,002100271bab42955c2e746df163cb779cd3b861903428f382294dee46f31272,0.0,,0,0,False,False
orka_trace_20250713_143718.json,20250713_143718,3,unknown,069a05f482e0cbe9c2b09b936e3c2bd07392a20186264e5a642fa2f3589596f3,0.0,,0,0,False,False
orka_trace_20250713_144045.json,20250713_144045,1,radical_progressive,62bf66d63bbe6d6a724e0446d575ae30f58c1c4e3f76ffce3bc22b2ebaa54dda,0.0,,1,0,False,True
orka_trace_20250713_144045.json,20250713_144045,3,pragmatic_realist,f72718848445e15dbb29820d84c78ac85332c83712bf57d19ff7a7ced27304ae,0.0,,1,0,False,True
orka_trace_20250713_144045.json,20250713_144045,3,pragmatic_realist,19a513d3dee84c21d36793c8ba8f914be31a3105f2d06d497d29167ecd1adf48,0.0,,1,0,False,True
orka_trace_20250713_144045.json,20250713_144045,3,ethical_purist,edee2fd2a9afcf8e561a14d6c1cc83b2a2666537125ae1f2ad942cbb99634d54,0.0,,1,0,False,True
orka_trace_20250713_144045.json,20250713_144045,0,devils_advocate,98d326d9afd2c8ae007af5f3bec07849245875480ebb304cb31ed379b6513b7c,0.0,,1,0,False,True
orka_trace_20250713_144045.json,20250713_144045,2,radical_progressive,9f7747eb24995faae7537ac428e32af934ec00e896cf7b280e990467f5e0978f,0.0,,1,0,False,True
orka_trace_20250713_144045.json,20250713_144045,4,unknown,a31f81135ece4b53557d89bfbbbd665152a269d2e7295c8782c542b31df5aa1f,0.0,,0,0,False,False
orka_trace_20250713_144045.json,20250713_144045,4,unknown,1757167ab7e7fb8e2dcfabcc9d618ef25763625601d5aa083ea674b37803a51e,0.0,,0,0,False,False
orka_trace_20250713_144045.json,20250713_144045,0,progressive,2392f1debad1de68383b881fe722a0d39e0035a1c5001a294cbf747a9b502b2c,0.0,,11,0,False,True
orka_trace_20250713_144045.json,20250713_144045,0,progressive,faffd5785ec1fb011dcf1ec62f288b3bc22f052131aac2ec1e61c5421c97893b,0.0,,3,0,False,True
orka_trace_20250713_144045.json,20250713_144045,0,progressive,372a856f49045bb46bf337e373b8c46a85037a71be665095a1a357d6a187fcd3,0.0,,12,0,False,True
orka_trace_20250713_144045.json,20250713_144045,0,progressive,1699617abdaff6d3a53020d366572bc703bd1ed737551faf1557e8a8f2a4a03d,0.0,,4,0,False,True
orka_trace_20250713_144045.json,20250713_144045,0,progressive,74752a0a3739066d6261f61330ace64516af8189bbe27ab58a3ec05a78d18609,0.0,,11,0,False,True
orka_trace_20250713_144045.json,20250713_144045,0,realist,98801f2412ed2fcd52382deb4eb71e2ef78bf22cd97e7f6edaf9030a23ae0325,0.0,,3,0,False,True
orka_trace_20250713_144045.json,20250713_144045,0,purist,6ea97f666c31f35f137961dd4c1421e0ebefffb6ceeff18ea2e06f862301ba59,1.485884101040119,self-reflection,13,1,True,True
orka_trace_20250713_144045.json,20250713_144045,0,purist,e735b3de274ba2efe2789b84e4d2ff404ba2b74acde891f1b9b8e0771775bbe8,5.434782608695652,self-reflection,5,1,True,True
orka_trace_20250713_144045.json,20250713_144045,4,unknown,84f11fafa2bc2699dfe9b2a225e0bdc57fe7e5f8bbad58bef74cebb699ffd550,0.0,,0,0,False,False
orka_trace_20250713_144045.json,20250713_144045,4,unknown,f66583f5f04a0cd6955aa2743d19a65d641e2da27ca1ff3e726928ddbc0c5a86,0.0,,0,0,False,False
orka_trace_20250713_144045.json,20250713_144045,4,unknown,b83ef8b907e6c9ddf01c17ca1df63dd78bf9be34bbb952c9d1b22cc860a23fef,0.0,,0,0,False,False
orka_trace_20250713_144045.json,20250713_144045,4,unknown,47d4729099790b4b3053ad673cc0a519bd5fd034452f7067a3b30c39e8937af9,0.0,,0,0,False,False
orka_trace_20250713_144045.json,20250713_144045,0,progressive,01a89adbc6db9bb5fdad5b6f92bfe63d39e0c3222e1ad4fae85aa8c07b1a062a,0.0,,1,0,False,True
orka_trace_20250713_144045.json,20250713_144045,0,progressive,1dae7b2e10c4dc8e49e6fcf1636ecef2b32a40e2fff8b046b3ceb206ee3b5457,0.0,,1,0,False,True
orka_trace_20250713_144045.json,20250713_144045,0,progressive,1d09516b69aeaf81d99920497bdaff342adb03b607e9db2bf51b50862f2cde8d,0.0,,2,0,False,True
orka_trace_20250713_144045.json,20250713_144045,0,progressive,a2105a350063bd94cb49265d81ade48f10c1144c76b31dd1b80455ca5a85bc57,0.0,,1,0,False,True
orka_trace_20250713_144045.json,20250713_144045,4,unknown,1d95b908ec1680dcb2cc46b754d5059f2e2f7d3206091c5c2be571192ad29085,0.0,,0,0,False,False
orka_trace_20250713_144045.json,20250713_144045,4,unknown,1aabd63108d0fd48bd911a800f537f5ded4497b4360d8c1379c3709b130037fe,0.0,,0,0,False,False
orka_trace_20250713_144045.json,20250713_144045,4,unknown,d4ec23bfee9ad82fc6b201278dc1ba869a3140f52018081ab73f023630170586,0.0,,0,0,False,False
orka_trace_20250713_144045.json,20250713_144045,4,unknown,06caff920e03400029c10c5ddb90a3f7047872f9e4538f8e96c9ca01f7302ea8,0.0,,0,0,False,False
orka_trace_20250713_144045.json,20250713_144045,0,progressive,21d50b6b7163a85d804a003f79d167faa5daf2c95f5bb67268d7dbf0fb24f900,0.0,,3,0,False,True
orka_trace_20250713_144045.json,20250713_144045,0,progressive,ea9404f14179da53dadd163570d5d3c19b8042f68639c48decf3eec8ef51ff21,0.0,,4,0,False,True
orka_trace_20250713_144045.json,20250713_144045,0,realist,43b8b73d71b2bf9f83d6b9edb9f8e5931d80bf672d1f54f9a9fa390b20da677a,0.0,,4,0,False,True
orka_trace_20250713_144045.json,20250713_144045,0,purist,b106a6726488b37350ef16add612a414b37a578ecd61f0f7dbeafa98c057b062,4.25531914893617,self-reflection,5,1,True,True
orka_trace_20250713_144045.json,20250713_144045,0,progressive,b934e528ba4e16580b014b14969c0b69698c7ecb38183a5722726270ae902054,0.0,,1,0,False,True
orka_trace_20250713_144045.json,20250713_144045,0,unknown,3659a532c9629cd7eae2904c67d21a9ebc7b2803547978ef714ca37d75993349,0.0,,2,0,False,True
orka_trace_20250713_144045.json,20250713_144045,4,unknown,9738176a1d8aff392f2fb88a3b638d2b178964e9b10711ddf99eca9731143622,0.0,,0,0,False,False
orka_trace_20250713_144045.json,20250713_144045,4,unknown,700d5406c3ac2953161239ce72d0c36f4036087aaadb295b570f4d40b97cc51d,0.0,,0,0,False,False
orka_trace_20250713_144407.json,20250713_144407,0,progressive,41cdfec911adc73025891fc0b122938a0974f86ece665ddf80d1e2d9afae5739,0.0,,1,0,False,True
orka_trace_20250713_144407.json,20250713_144407,3,pragmatic_realist,884011ef8757dd99dad157597d006b636769901951fe6f6ca43aedf11cc76c06,0.0,,1,0,False,True
orka_trace_20250713_144407.json,20250713_144407,0,realist,76f61cf4ad4791a40524cd4d3af68a27706f2833d238ba45be8a47eee7a17d3e,0.0,,1,0,False,True
orka_trace_20250713_144407.json,20250713_144407,4,traditional_conservative,0e6216bc370427c7c68b7e9f5dff8ed16ee7c5f943562f1ff753d750dba1ff99,0.0,,1,0,False,True
orka_trace_20250713_144407.json,20250713_144407,4,radical_progressive,50db567e25273511996286ab5a96de2b80212623244c141be7ddf3b770a1b0e5,0.0,,1,0,False,True
orka_trace_20250713_144407.json,20250713_144407,2,radical_progressive,c953d9fde702d294ebe41edaeebfddc37455b382f0a5036bf565efa20f268740,0.0,,1,0,False,True
orka_trace_20250713_144407.json,20250713_144407,5,unknown,4d275e9e702d1d2598e39b312222ceb8aa3641aa41c40c6fbb128695b4f98a26,0.0,,0,0,False,False
orka_trace_20250713_144407.json,20250713_144407,5,unknown,faf7e7b53178945c174228ba2b79a2af9e50923907d465b47ad8b4fa41344944,0.0,,0,0,False,False
orka_trace_20250713_144407.json,20250713_144407,0,progressive,d2195921fb6cdcdebc579fab41b1d66c07a697b4eca65ccb731ef312c9ee60a2,0.0,,11,0,False,True
orka_trace_20250713_144407.json,20250713_144407,0,progressive,8d07974d36ad0f1d3d27588ddf9c9e6b010c9fdd6150e17bb0f1e09033f44b6e,0.0,,3,0,False,True
orka_trace_20250713_144407.json,20250713_144407,3,pragmatic_realist,601147669ee49b902bdb350a57eb1a6e5939feaaaa5577e84887f320e9bd6fb4,0.0,,1,0,False,True
orka_trace_20250713_144407.json,20250713_144407,0,progressive,4f51c2c190f6f9f4d35c19d8f068024d586aa1c70abe44837dfa22a6f7b08cb5,0.0,,12,0,False,True
orka_trace_20250713_144407.json,20250713_144407,0,progressive,98fa084bbe00d84117f2e01a921e35cf70cf0b1893632bd57191f6c7cbf44114,0.0,,4,0,False,True
orka_trace_20250713_144407.json,20250713_144407,0,progressive,a5350f2ec1bc647f88a5692392f500366dc8ffd8c471963188c7e3a23c7126c2,0.0,,10,0,False,True
orka_trace_20250713_144407.json,20250713_144407,0,realist,5ebf4dec51c8ad44f7ce654715556eb9bba3b0078b8e76f99066cd70b8f6caaa,0.0,,2,0,False,True
orka_trace_20250713_144407.json,20250713_144407,0,purist,04670be28bfa8835c07148986daf6d45dac19dfa58a5d162a9703a89f9e4a21e,0.0,,13,1,False,True
orka_trace_20250713_144407.json,20250713_144407,0,purist,a67f6f80e15af1f1168853400db937d4a5cc82589e9d4112e835f90319b21790,0.0,,5,1,False,True
orka_trace_20250713_144407.json,20250713_144407,5,unknown,a59a25fa0fcb1e5e83702ca763eedbaa258ea4fc8cda365f89c57f319ae79558,0.0,,0,0,False,False
orka_trace_20250713_144407.json,20250713_144407,5,unknown,9d1a0cffab5101b4daca1e50ed8db89a020a5b44d435face518bcd8552f52ba5,0.0,,0,0,False,False
orka_trace_20250713_144407.json,20250713_144407,5,unknown,7abfac7e683898f38f899e2a5efad68b2f7b5cc24a56e7b6060d2a20f9490b22,0.0,,0,0,False,False
orka_trace_20250713_144407.json,20250713_144407,5,unknown,aa77b7d936e922b3de07f1de09d626ccc8f59df3149a86d7689cc843cf0524f8,0.0,,0,0,False,False
orka_trace_20250713_144407.json,20250713_144407,0,progressive,18e607d607d95d81e657e5ce5f0066130a9a84d78c8efe8283af5a292801c3e8,0.0,,4,1,False,True
orka_trace_20250713_144407.json,20250713_144407,0,progressive,dc3ab7fba2debfa336e02beec61ed90e869fe5bafdc0c467f4eeedcb4ec1b014,0.0,,3,1,False,True
orka_trace_20250713_144407.json,20250713_144407,0,progressive,8cf5cf969e946bcf7ea44f3f650045b4b42e1ba0e7feadb3eb84c111e472e2cc,0.0,,3,1,False,True
orka_trace_20250713_144407.json,20250713_144407,0,progressive,86ece45caf92257b5fd35cb312f05e94c718829480d35503a74a5c94181ea420,0.0,,3,3,False,True
orka_trace_20250713_144407.json,20250713_144407,5,unknown,a511cb50452fc2b9b92645861f32e9f5c6e6ae62a2c3e6b358aad1b6aad4ee31,0.0,,0,0,False,False
orka_trace_20250713_144407.json,20250713_144407,5,unknown,06a8495f71f92a89856b7a05ea2ec96bafd2078fde6e63b80052a0b323db50ea,0.0,,0,0,False,False
orka_trace_20250713_144407.json,20250713_144407,5,unknown,4633176c30a95d5153be2169b5c182092345246dd3745f08f457d89f202809bc,0.0,,0,0,False,False
orka_trace_20250713_144407.json,20250713_144407,5,unknown,dfa87975a7e4bb07f23da3f6a9966dc040bfcc69b8ffc468cffb25e976a155db,0.0,,0,0,False,False
orka_trace_20250713_144407.json,20250713_144407,0,progressive,71ade7b05fae014ad2accab1867b7e40dbac3f074069776cd03240e61f7875b7,0.0,,4,0,False,True
orka_trace_20250713_144407.json,20250713_144407,0,progressive,2f7c18b6e4acad2eebb3c2678b25e6f8fca7964b0a2b2e51c701da3a9ad250ea,0.0,,4,0,False,True
orka_trace_20250713_144407.json,20250713_144407,0,realist,71ed71d370282000e262c9294c1e9d91504ed4156b0f403fab779ac22675387c,0.0,,2,0,False,True
orka_trace_20250713_144407.json,20250713_144407,0,purist,329f43c6f4a11d56b04f02d7b4f35443e56e862be782beca02c25a156bb53922,0.0,,5,3,False,True
orka_trace_20250713_144407.json,20250713_144407,0,progressive,7df599341500111f7322b922f74ab45a86e911865c0ba67153ca2007ad6042db,0.0,,1,0,False,True
orka_trace_20250713_144407.json,20250713_144407,0,unknown,d1a8a74d6873142d7cb256e71ecef42c5b8b18998a3e7b8adea1703218c5be13,0.0,,2,0,False,True
orka_trace_20250713_144407.json,20250713_144407,5,unknown,31ccf512c3bfbf5548b12fbc7e6782a48f6458773f186466f675d9d606250380,0.0,,0,0,False,False
orka_trace_20250713_144407.json,20250713_144407,5,unknown,e936d65b6192ca67767a38ce590f12708cbc82803ce10fe08ceed3597cf23b7e,0.0,,0,0,False,False
orka_trace_20250713_144729.json,20250713_144729,0,progressive,41cdfec911adc73025891fc0b122938a0974f86ece665ddf80d1e2d9afae5739,0.0,,1,0,False,True
orka_trace_20250713_144729.json,20250713_144729,0,conservative,458c346b4e2f3b2d8fccfe0dd9d5891c162d68af01dc39473f0a708e89e05651,0.0,,1,0,False,True
orka_trace_20250713_144729.json,20250713_144729,0,realist,c5c1e584acc19facf52ee8396b5bc65ba0c747ad5f2464959000277bb2e6fa46,0.0,,1,0,False,True
orka_trace_20250713_144729.json,20250713_144729,4,traditional_conservative,1c032276ace8b0289da984415710b270693ec361942f265559c2173813a3f182,0.0,,1,0,False,True
orka_trace_20250713_144729.json,20250713_144729,4,radical_progressive,6221e41e702ad69d13c7e8720e42e3e0a447db555319c7f3a781f64d040e16f2,0.0,,1,0,False,True
orka_trace_20250713_144729.json,20250713_144729,5,traditional_conservative,7d90e838e5ea2130ca0d6a94929af4a0ea763dbe9579df582c6d757953b3cf5d,0.0,,1,0,False,True
orka_trace_20250713_144729.json,20250713_144729,6,unknown,3e3225686c0ce1b15d8cbcd99b1fa71cce89b0d3af9e3414e4ceecf58b78a82b,0.0,,0,0,False,False
orka_trace_20250713_144729.json,20250713_144729,6,unknown,13bebe15b5eaeb529522d4892d2891e24b986d4109806814b950e160f328dec0,0.0,,0,0,False,False
orka_trace_20250713_144729.json,20250713_144729,0,progressive,719486799345c4e661e2d0cdd92498cb90412618a81e956b9efa46eb18213582,0.0,,12,0,False,True
orka_trace_20250713_144729.json,20250713_144729,0,progressive,1235dee3ad9255329bdb95723c0d2dc551b2bb26281d756150a5c7a0c08310dc,0.0,,4,0,False,True
orka_trace_20250713_144729.json,20250713_144729,0,progressive,9b4ea71d8cec0495a1f16034a44ea9a7ddcfab826b8b0b04bb23eb51c5e7f67f,0.0,,12,0,False,True
orka_trace_20250713_144729.json,20250713_144729,0,progressive,cbe91619b7fab4ed1e6bfbd37b9cfcdfeeb4d78eee3235c250ec51da6e8ae3dc,0.0,,4,0,False,True
orka_trace_20250713_144729.json,20250713_144729,0,realist,76f61cf4ad4791a40524cd4d3af68a27706f2833d238ba45be8a47eee7a17d3e,0.0,,1,0,False,True
orka_trace_20250713_144729.json,20250713_144729,0,progressive,69b601f541a71fe08e5aa576a95c9335e3dbf522aa776e22b325cdad6bbf21a5,0.0,,11,0,False,True
orka_trace_20250713_144729.json,20250713_144729,0,realist,2f24c3f65976d542be8ac6d6a06d341274a51e78f4268086111a766743608bc4,0.0,,3,0,False,True
orka_trace_20250713_144729.json,20250713_144729,0,purist,50fa5f7a339897897517618400b503f1f24e2d4af682b165023c23b6eeb55206,0.0,,11,1,False,True
orka_trace_20250713_144729.json,20250713_144729,0,purist,46ce82c8c2f28b382b22af2ff3c983a2baeeb544e478a044d1461a58b59ad04a,0.0,,3,1,False,True
orka_trace_20250713_144729.json,20250713_144729,6,unknown,489668a8fe66d8ec8235eaccb5baab0ff1185c988c1dfc38d9304a10e1381921,0.0,,0,0,False,False
orka_trace_20250713_144729.json,20250713_144729,6,unknown,0b71dbd56b0989141b4c103a7eeaccfed1a1b94bbb04dd5b202a5a6e46cc3e42,0.0,,0,0,False,False
orka_trace_20250713_144729.json,20250713_144729,6,unknown,4c8b35e7d8b5cb37497a31b14a250c311916f11fda5432142e68022be500fe1f,0.0,,0,0,False,False
orka_trace_20250713_144729.json,20250713_144729,6,unknown,98436a3fc0ba98a6bdd3d5aa5a294cb0f62f44de38af0cba5a75e810806b7d69,0.0,,0,0,False,False
orka_trace_20250713_144729.json,20250713_144729,0,progressive,d6f3cfb64a55a18b078262c04f2ed6699cf1d40d8f1fbf2402077ad21a12d574,0.0,,9,0,False,True
orka_trace_20250713_144729.json,20250713_144729,0,progressive,49584ee9cc152ceb3b7aeab860aec84ff56627cfa4793077f0476de97b73b6f7,0.0,,8,0,False,True
orka_trace_20250713_144729.json,20250713_144729,0,progressive,058eeeb751e127a1bdfcb5862b0b0d34043c049bbb21b7f37bd6199cbee10887,0.0,,9,0,False,True
orka_trace_20250713_144729.json,20250713_144729,0,progressive,6d2c10988f9264399d4692a3148cf13a5e23fcb7e01113136e103b1bdbafad4b,0.0,,9,0,False,True
orka_trace_20250713_144729.json,20250713_144729,6,unknown,e9016fad942f5eacc8b720dc13a4f09ab4432141716dfa8722a677198621b0fa,0.0,,0,0,False,False
orka_trace_20250713_144729.json,20250713_144729,6,unknown,8cd09114756302ce84124f527084f558f6145b792791fc7f3365c2e89c30bb39,0.0,,0,0,False,False
orka_trace_20250713_144729.json,20250713_144729,6,unknown,32feeb375b074f2403a1a1ec51d3f47a27903aefc906584edfe486e69c624e82,0.0,,0,0,False,False
orka_trace_20250713_144729.json,20250713_144729,6,unknown,c7c46cbfbb47b6d36e187de7f2f986763d78edf2f88f8ec58ce4673300e5ae77,0.0,,0,0,False,False
orka_trace_20250713_144729.json,20250713_144729,0,progressive,2e36a2cd64969d84f4c9589e8c7ff1d6bec6817296992dd8dd4a485ce22d7b05,0.0,,5,0,False,True
orka_trace_20250713_144729.json,20250713_144729,0,progressive,c313349f9f67f1df505d27714ed675f5e83c677f1d3f099702177e560fa0a7a3,0.0,,4,0,False,True
orka_trace_20250713_144729.json,20250713_144729,0,realist,c1998581cf9ea847999ae3ae14171deb39789418a3076212bdf14077feea5295,0.0,,4,0,False,True
orka_trace_20250713_144729.json,20250713_144729,0,purist,9b045b10fbcebd4b684ce10b5bced2af24d0c8e4da4cce9b578a6699e9f1235c,0.0,,4,1,False,True
orka_trace_20250713_144729.json,20250713_144729,0,progressive,adc1d854dc6eaeb2bbb9b6cc4d2eb02dc2e2581e4d2299e9115a7c49f75d1cd4,0.0,,2,0,False,True
orka_trace_20250713_144729.json,20250713_144729,0,unknown,e36b155bba13564c34bfacc50de48c60f13b6da27842a1d1de76475a84fe72f2,0.0,,1,0,False,True
orka_trace_20250713_144729.json,20250713_144729,6,unknown,d3a9d547536a7bc64b213cd61e89e3b19cd30f2d57989821cead3cbabdee92d6,0.0,,0,0,False,False
orka_trace_20250713_144729.json,20250713_144729,6,unknown,4d8ca922a51cb32c2ca2c8c5b5e3a31499cc5e64656890bcb19f891083145a8f,0.0,,0,0,False,False
orka_trace_20250713_145104.json,20250713_145104,6,pragmatic_realist,916608e2a0013f3885de501bc369405b43f58d2ac6499bf348778a0538c3a0fc,0.0,,1,0,False,True
orka_trace_20250713_145104.json,20250713_145104,6,traditional_conservative,6c4827e38fee1a7e12aff69cb30e8562361321e2b32b8bdf71dff4af8219200a,0.0,,1,0,False,True
orka_trace_20250713_145104.json,20250713_145104,6,pragmatic_realist,f8cd2d21c8bee19c531660912f0d62cf6e1ba3fbd841bdcaba1290b8deadd050,0.0,,1,0,False,True
orka_trace_20250713_145104.json,20250713_145104,0,purist,fd9e1b4c6db9a5844549545b9d277e7d52d98fc018cb36a2b034c0ffd5dbda1e,0.0,,1,0,False,True
orka_trace_20250713_145104.json,20250713_145104,4,radical_progressive,d9c13265abba2f50118d27210d289b519d2ad562fb48e7679ce15b872a3c07df,0.0,,1,0,False,True
orka_trace_20250713_145104.json,20250713_145104,0,moderator,5752bc555c790ce6cc3573af837ae6297ca94cca067891f88ff190e67c94a2f7,0.0,,1,0,False,True
orka_trace_20250713_145104.json,20250713_145104,7,unknown,d6cbb67d76753634346f8c3f38c471fcbc038d7cabf9a7270bd74b9b837d1e14,0.0,,0,0,False,False
orka_trace_20250713_145104.json,20250713_145104,7,unknown,6dd459cfad7e7597640540948d6a7c933348e3fc73d0cab6c5bdd279dab5ebd4,0.0,,0,0,False,False
orka_trace_20250713_145104.json,20250713_145104,0,progressive,ba36743912d64b2911ad128640790598814211c2e8078be6e77394c688d87258,0.0,,14,0,False,True
orka_trace_20250713_145104.json,20250713_145104,0,progressive,4abfd5d7831ffa9ea1b23c6579bd776bcbeaf47d63fa7218ecb2d936d733d73a,0.0,,6,0,False,True
orka_trace_20250713_145104.json,20250713_145104,6,traditional_conservative,465887c2ecc2669b85a8fcece0b660ca6ce0e5cc18f4b0c5a007e35938006528,0.0,,1,0,False,True
orka_trace_20250713_145104.json,20250713_145104,0,progressive,be8650bedd23ad9f5162dd81a8ced425e98a8f3eeb65782e4c5a88b7ef6e4477,0.0,,13,0,False,True
orka_trace_20250713_145104.json,20250713_145104,0,progressive,a923e9686a4a1232e35d869ffa77e0e6fb129c47073c4819e937e502f58a63f8,0.0,,5,0,False,True
orka_trace_20250713_145104.json,20250713_145104,6,pragmatic_realist,a0296c7ba640070bb6af39151db64dbec481a34fa9b0a40503801176445fa0b3,0.0,,1,0,False,True
orka_trace_20250713_145104.json,20250713_145104,0,progressive,d04082c1ece2e00d50803b6b319134cdc21d4deb2efab1e13b4e898c30b5cf0b,0.0,,12,0,False,True
orka_trace_20250713_145104.json,20250713_145104,0,realist,d77a54a225beecae764d32d971e5951143735735a9f6a3ffb78108ff91db6100,0.0,,4,0,False,True
orka_trace_20250713_145104.json,20250713_145104,6,radical_progressive,8112563e1931d56de841c43770b38bc5bf1eb4c1f4f20aa58188cc10ccc2ae38,0.0,,1,0,False,True
orka_trace_20250713_145104.json,20250713_145104,0,purist,772363784562424049777008d43fb6a245f02beee5e6da2c6bf17e15416f04e0,0.0,,12,1,False,True
orka_trace_20250713_145104.json,20250713_145104,0,purist,b03e0ac8ebbe9d68c45280317f754fa4e837bab7770145556f8e287eb12f1705,0.0,,4,1,False,True
orka_trace_20250713_145104.json,20250713_145104,7,unknown,28cfcb2e958f1e5d13560d9edd340fac2e33fbb1e9b22db925c5b1efac73c3aa,0.0,,0,0,False,False
orka_trace_20250713_145104.json,20250713_145104,7,unknown,2537d524b34bd1f7d207ab4427170823e180fddef40885394f24e95a7d7a50ba,0.0,,0,0,False,False
orka_trace_20250713_145104.json,20250713_145104,7,unknown,e6df0110adb0a97580c6c57716f6e1f78c444c17791c7087fa42eb9a93aae0e0,0.0,,0,0,False,False
orka_trace_20250713_145104.json,20250713_145104,7,unknown,2df48cd6a9ffab3420a0b39c4ade1f17cc15e1e26aa4da509bc4690e3b1b8388,0.0,,0,0,False,False
orka_trace_20250713_145104.json,20250713_145104,0,progressive,47a89c1ec62ac59ded315595734a221c50c3f9c601fd31c0251bb5ddc51e6d75,0.0,,1,0,False,True
orka_trace_20250713_145104.json,20250713_145104,0,conservative,a6166692f5da1e918f873ddd7a57622090a2462531eebbf59492840ab83dba41,0.0,,1,0,False,True
orka_trace_20250713_145104.json,20250713_145104,0,realist,915da21906eff1a602f6ad16abeee5b191da47da53e4ea0bcb3337d9210c9039,0.0,,1,0,False,True
orka_trace_20250713_145104.json,20250713_145104,0,purist,f36a4cd7c3bc2f9e098ead550f3939c80b9fc19fbb7d8b1a08e5f713a7edd975,0.0,,1,0,False,True
orka_trace_20250713_145104.json,20250713_145104,7,unknown,fb6ff3ebd5dcc5158480b4bf3e767285e2f19b08e83fbad8692ab16ca2f4d12b,0.0,,0,0,False,False
orka_trace_20250713_145104.json,20250713_145104,7,unknown,eb4470837b1ffa219e7bde5e2dbd76591abcd25e656fc8a7a24d1f80a89f5e11,0.0,,0,0,False,False
orka_trace_20250713_145104.json,20250713_145104,7,unknown,abad446c6fd0c91ca53f0a917b7f34107efdefb603671917e25010fc7b7ee1ca,0.0,,0,0,False,False
orka_trace_20250713_145104.json,20250713_145104,7,unknown,0614d4b710c951b1d1ce5801301f1df406ef09f5515b15dd6b344cdd77f77166,0.0,,0,0,False,False
orka_trace_20250713_145104.json,20250713_145104,0,progressive,a5545092879bf6b32ff9dd8a2fa02222433ac8cd1d316c4d3126395ab5f2413b,0.0,,6,0,False,True
orka_trace_20250713_145104.json,20250713_145104,0,progressive,a189027f445038f0c44d4f25bf466b8120630045854233f9e9ad3a8448838e75,0.0,,5,0,False,True
orka_trace_20250713_145104.json,20250713_145104,0,realist,0f51928e2e3f684399ae8b563ff7100e2d24cc69ee2f0ab3b847be22a67dad35,0.0,,4,0,False,True
orka_trace_20250713_145104.json,20250713_145104,0,purist,f807e4ad796af5d2e417a05022550709bba10dd3fbd344ef2a6eb9cba4fb9186,0.0,,4,1,False,True
orka_trace_20250713_145104.json,20250713_145104,0,devils_advocate,6756314d3a89778a5e7d3c53ac2c74a78cfd65dadd9bf1c39abe136b5085d478,0.0,,1,0,False,True
orka_trace_20250713_145104.json,20250713_145104,0,unknown,d4bdbc8c9417bf426a9037615cd1a6dc522619ea0a5922ff623f6a43ae4dda8c,15.503875968992249,awareness | self-aware,2,0,False,True
orka_trace_20250713_145104.json,20250713_145104,7,unknown,cde363dceb99b1c6d6c11bc7d0f4e02f7d0ac115f05f40cae525fc7268ea7861,0.0,,0,0,False,False
orka_trace_20250713_145104.json,20250713_145104,7,unknown,64c884896e7d3b11e46d90006ea0876f0fda514326296bda5e610d519462b428,0.0,,0,0,False,False
orka_trace_20250713_145433.json,20250713_145433,6,pragmatic_realist,b12946144a9e2c8655388a0b96aec296ce6528c434a53e5ab45f0da4b37c0d39,0.0,,1,0,False,True
orka_trace_20250713_145433.json,20250713_145433,6,traditional_conservative,78d88c635141516d803a661e0b0bf41c4056cdcf51be8f24511058378621aebf,0.0,,1,0,False,True
orka_trace_20250713_145433.json,20250713_145433,6,pragmatic_realist,09185887f16ef5903c4833fa156fe46d623d9b3aaf836a96abc9613f0367040d,0.0,,1,0,False,True
orka_trace_20250713_145433.json,20250713_145433,6,radical_progressive,4ce14123b7a9351b6e3f79d9ba85d726308e2be812b2dcaf38139da8723c4afb,0.0,,1,0,False,True
orka_trace_20250713_145433.json,20250713_145433,7,radical_progressive,c319e7d8934246473271e6b4901f72d46a9fd775e6eb83c283138d2c6e917406,0.0,,1,0,False,True
orka_trace_20250713_145433.json,20250713_145433,0,moderator,5752bc555c790ce6cc3573af837ae6297ca94cca067891f88ff190e67c94a2f7,0.0,,1,0,False,True
orka_trace_20250713_145433.json,20250713_145433,8,unknown,bbd2090fa607fc6fbb44cbf65efc6ba62478c4b9d77fef1f39fd6b7386d960dd,0.0,,0,0,False,False
orka_trace_20250713_145433.json,20250713_145433,8,unknown,99c56e325b01e8133ab7ec1e09a383811239cf27b026ccfe25992ccef18f56ac,0.0,,0,0,False,False
orka_trace_20250713_145433.json,20250713_145433,6,pragmatic_realist,30a6d2fd4a503b175d4204256d9b96666b92105395c673b1253988068adeffc6,0.0,,1,0,False,True
orka_trace_20250713_145433.json,20250713_145433,0,progressive,0a4b649ea8f7022c75b431f1de9c3a277f09627f82a2e2edf60f0f789a01ed4b,0.0,,13,1,False,True
orka_trace_20250713_145433.json,20250713_145433,0,progressive,ca629524f402bda987efd6ca70a185dbcc9ed1582fbc31d337c763fdfc446d8c,0.0,,5,1,False,True
orka_trace_20250713_145433.json,20250713_145433,6,traditional_conservative,9acce0cac993ee5ef37d230f952c1e94452eb60367d6098200d5da8543177c3a,0.0,,1,0,False,True
orka_trace_20250713_145433.json,20250713_145433,0,progressive,fbaf96c173e31c19d097773eb127a518f5fcd1e73f8425abaad5a8f4caeb2b84,0.0,,12,0,False,True
orka_trace_20250713_145433.json,20250713_145433,0,progressive,c6442188ad219ba359c1a38a3f41490830278c82bb0467073cd4d25a33426548,0.0,,4,0,False,True
orka_trace_20250713_145433.json,20250713_145433,6,pragmatic_realist,a75cd31d0f173b6c7c87bd7d226433c0bfe66a69f4f51a874f0df7744e3c7944,0.0,,1,0,False,True
orka_trace_20250713_145433.json,20250713_145433,0,progressive,4461486fa8b58a39f4d7cc5435a6c080c331d40974140150d0ecde0f5ed41da0,0.0,,11,0,False,True
orka_trace_20250713_145433.json,20250713_145433,0,realist,7bdc9231a824046eeec0464173948c5d71993ddd4b359d512af3ed4f1b07f548,0.0,,3,0,False,True
orka_trace_20250713_145433.json,20250713_145433,6,radical_progressive,8a9de9c6337a1dcf98229209e289cf3c1d77d4e4016c71404a25456cbbc7cac8,0.0,,1,0,False,True
orka_trace_20250713_145433.json,20250713_145433,0,purist,4e3a0df7f54bbb414b066db53f961af1fab781b1e5c35c147b7e66e10fa12eed,0.0,,12,0,False,True
orka_trace_20250713_145433.json,20250713_145433,0,purist,6d1c1c1a2c31c93dcf2fa566935805558cbc0214cfbbe2c0cd0f0723e31269e5,0.0,,4,0,False,True
orka_trace_20250713_145433.json,20250713_145433,8,unknown,4403a918cd9b94f7da8e551d079cc87fee5e109a2015df5a09f38e7cd2f5b758,0.0,,0,0,False,False
orka_trace_20250713_145433.json,20250713_145433,8,unknown,83574ffb9a91999aeb7d67a7eea7c5224ed5051ffe9b97affca5a2fe426372df,0.0,,0,0,False,False
orka_trace_20250713_145433.json,20250713_145433,8,unknown,79a11a6781149c6812af08611fbbc866809e745843832cf51f7ed3f9dbd3647f,0.0,,0,0,False,False
orka_trace_20250713_145433.json,20250713_145433,8,unknown,6c7e6f5a84963612f167bd2726f3fc26ae7e0f4923265b7b7b93734b8f5c35c8,0.0,,0,0,False,False
orka_trace_20250713_145433.json,20250713_145433,0,progressive,66751944d0ce2b39adb2056a8cbe81d681e70fe590dc5072b53afa81fb464826,0.0,,3,1,False,True
orka_trace_20250713_145433.json,20250713_145433,0,progressive,0ac2bcef827049d206a515ab8e9dd90ff5235b75adbba3ade03d825560c2d65c,0.0,,3,1,False,True
orka_trace_20250713_145433.json,20250713_145433,0,progressive,6cd6dadc40b8a369e3d1bb15ed6b25edc6ae851cfa4f70c4dca6cc0ba6bfbd8d,2.793296089385475,awareness,4,1,False,True
orka_trace_20250713_145433.json,20250713_145433,0,progressive,c4e384279dcf0fd8ceb09aa4e9a4bab66d9f3ecac2cafe0de9ef5bf186e77e13,3.0864197530864197,awareness,4,1,False,True
orka_trace_20250713_145433.json,20250713_145433,8,unknown,7a688428ecd938290303a674991f39d86a884d5d0847c8afe9ffbdc7cc2362d0,0.0,,0,0,False,False
orka_trace_20250713_145433.json,20250713_145433,8,unknown,4d72544140b9f6511ccd6338000c62ebb88126ff5841d6c24d0dc3ea05a14fac,0.0,,0,0,False,False
orka_trace_20250713_145433.json,20250713_145433,8,unknown,09bed9ba9d575c5900e5726878710babccbca1d538e86b341240439fa2839715,0.0,,0,0,False,False
orka_trace_20250713_145433.json,20250713_145433,8,unknown,37554cb04f39ff4a83eaaa4d91da5de2e1fb0d8243605594eb5ad197f53dc5b4,0.0,,0,0,False,False
orka_trace_20250713_145433.json,20250713_145433,0,progressive,552718628f527507b78f2ec5a9d0176a8823e21c46aa57e97adf578d9b40dbae,0.0,,5,1,False,True
orka_trace_20250713_145433.json,20250713_145433,0,progressive,8f0b9d9e07c6b2aa8a1c9db6390ea94ac2e28f58a954b82d01c3fa67d6e384a9,0.0,,4,0,False,True
orka_trace_20250713_145433.json,20250713_145433,0,progressive,9afa58df69f10d198672f205b157223fa81b5b125063c55bb0a98880dfe7c372,3.7735849056603774,awareness,4,0,False,True
orka_trace_20250713_145433.json,20250713_145433,0,purist,f148934b9f0fcd29ff88f64cb1de26ca4004f8d461d8e4948384f4631a5f13c5,3.8759689922480622,awareness,5,0,False,True
orka_trace_20250713_145433.json,20250713_145433,0,progressive,6c5972ff72812799f1a1a47e9e99af769371bcb291867ff1e5d928907964b453,0.0,,1,0,False,True
orka_trace_20250713_145433.json,20250713_145433,0,unknown,1a156efb88f0fdbc5b26ed9789385985d3fc0b4a27ff38374edd98a329bd3717,0.0,,1,0,False,True
orka_trace_20250713_145433.json,20250713_145433,8,unknown,aad6ed68557122a8e8f59bfb24a3fe9204b0092c97855b9698c4c35f06ca39ce,0.0,,0,0,False,False
orka_trace_20250713_145433.json,20250713_145433,8,unknown,c11eb4b74fd7526105a0decb9338e64d7bbafda9a3ce1f19c3fd49a7a8b06a3d,0.0,,0,0,False,False
orka_trace_20250713_145752.json,20250713_145752,8,devil_advocate_attack,01f891c2eec6ef049a95d21f099bac620cace8eb7968694d8e4622df95a3cc1e,0.0,,1,0,False,True
orka_trace_20250713_145752.json,20250713_145752,6,traditional_conservative,df231bd9f2443e4e1a8dace189784b58028b00116c4b38ad3ede11bfc9e72e95,0.0,,1,0,False,True
orka_trace_20250713_145752.json,20250713_145752,6,pragmatic_realist,2af77f3d97b1a1223a2a3d418b07f0addda9e5ee78d62c7d5e93711b795f87d2,0.0,,1,0,False,True
orka_trace_20250713_145752.json,20250713_145752,6,radical_progressive,a7b5de3b7f2723bc0221f838719e116bd80a3ed2e99d06c033a344a5bc1dea95,0.0,,1,0,False,True
orka_trace_20250713_145752.json,20250713_145752,7,radical_progressive,26696d864cb1108dd8e177557f324e5ab2901e33bc1f505d55282ca1fc37bb4c,0.0,,1,0,False,True
orka_trace_20250713_145752.json,20250713_145752,0,moderator,5752bc555c790ce6cc3573af837ae6297ca94cca067891f88ff190e67c94a2f7,0.0,,1,0,False,True
orka_trace_20250713_145752.json,20250713_145752,9,unknown,3e2464928e3dd9bb6bc41a684451b2ad57d80b402b9ca9a5d2a43e7e4a5fbf50,0.0,,0,0,False,False
orka_trace_20250713_145752.json,20250713_145752,9,unknown,e6d74e1df136819118ba9ae6d416a1c4991bd98881657e533087f05e921f3b4e,0.0,,0,0,False,False
orka_trace_20250713_145752.json,20250713_145752,8,devil_advocate_attack,45ec5fba663538953969d603de61c1b0cc857a5fda20386f4db1081a4c0be153,0.0,,1,0,False,True
orka_trace_20250713_145752.json,20250713_145752,0,progressive,bc47ebd9328888a80a18fa00d906fae31ac857451892cdf040c39890acea9127,0.0,,14,3,False,True
orka_trace_20250713_145752.json,20250713_145752,0,progressive,9a70907becfaf04ec14eeac48fe994a1812c4f4edfb3e1e67d224357af8aad01,0.0,,6,3,False,True
orka_trace_20250713_145752.json,20250713_145752,0,conservative,458c346b4e2f3b2d8fccfe0dd9d5891c162d68af01dc39473f0a708e89e05651,0.0,,1,0,False,True
orka_trace_20250713_145752.json,20250713_145752,0,progressive,6a4ef96922b777324b36456dbdb52040e2d340189d0354813bca91c5a959fd58,0.0,,12,0,False,True
orka_trace_20250713_145752.json,20250713_145752,0,progressive,7d8b989a7f14f5106ff10b8fae593c3b87887abc458980a04ab63d5377430831,0.0,,4,0,False,True
orka_trace_20250713_145752.json,20250713_145752,6,pragmatic_realist,904a5e2eecd6df06c614653b148d41e9e9d543d278c2ffcb9e605d442253a133,0.0,,1,0,False,True
orka_trace_20250713_145752.json,20250713_145752,0,progressive,61633aeace803e59c3c6b8e06cf51dc36f0887c49d6c2dd8d63a2b07d21f37c8,0.0,,11,0,False,True
orka_trace_20250713_145752.json,20250713_145752,0,realist,727b5fedd9dc838b894c364d724ce5b7fbd83d67e041bcb319ee90a27fe969c1,0.0,,3,0,False,True
orka_trace_20250713_145752.json,20250713_145752,6,radical_progressive,62e88ef6322bf4dd888c01f8b9c8522d04b4016e59049b0f632074dd7872388b,0.0,,1,0,False,True
orka_trace_20250713_145752.json,20250713_145752,0,purist,014169a0f96f15c70be6ca773f3c5d4c2c59904a22d6965a7323b53b03eee2bc,0.0,,13,1,False,True
orka_trace_20250713_145752.json,20250713_145752,0,purist,52adcd7a3a279c7fbe509474bdf5053f69ef221ce64cecc5082a444029632a41,0.0,,5,1,False,True
orka_trace_20250713_145752.json,20250713_145752,9,unknown,1a744e12db122f1a109d0b9c41860d383e434d0a6caaeecabe0837e805bff4f7,0.0,,0,0,False,False
orka_trace_20250713_145752.json,20250713_145752,9,unknown,f8851530652e108048082439ed8a16936d24ce161b496387349a57371b62d650,0.0,,0,0,False,False
orka_trace_20250713_145752.json,20250713_145752,9,unknown,3f8e2dce946d8852c7e2701ae5eef3736bf7e54fff83eb84c8aff2f2c5e015d7,0.0,,0,0,False,False
orka_trace_20250713_145752.json,20250713_145752,9,unknown,8341e581deeebefc4c367fef31e312271402623bbd712f09a95f5aa07ccec718,0.0,,0,0,False,False
orka_trace_20250713_145752.json,20250713_145752,0,progressive,4fba7c13913abd629f188856f64d040c329837ba4de8d9210415202dcf26e82c,2.4154589371980677,introspection,1,0,True,True
orka_trace_20250713_145752.json,20250713_145752,0,progressive,5c59acb621e4e12450d50b5256f1df5ae28421ad390e5930c75659d272a23a9b,0.0,,1,0,False,True
orka_trace_20250713_145752.json,20250713_145752,0,progressive,8876f62340b3047401a6ae27143daf720c0512419177b407cbcf6338c5e83635,0.0,,1,0,False,True
orka_trace_20250713_145752.json,20250713_145752,0,progressive,b7ac47b4eb0e83b43ae6508eb713991657b6a12890398990184eeaf7ec7b624e,2.824858757062147,introspection,1,0,True,True
orka_trace_20250713_145752.json,20250713_145752,9,unknown,8fbe24a1477bd895c0dace6a6eafe6003f2c4aeb868513c27a0a0d252ac3f79f,0.0,,0,0,False,False
orka_trace_20250713_145752.json,20250713_145752,9,unknown,c1194872678645532ea0cc6f6e209f02e383c98795560aefef7e2450f32f5476,0.0,,0,0,False,False
orka_trace_20250713_145752.json,20250713_145752,9,unknown,4c0f55559ef1dbc44b51cebf72f3260f6dc4875d301a4adfb88959b9d8abff5e,0.0,,0,0,False,False
orka_trace_20250713_145752.json,20250713_145752,9,unknown,85fa723f39b4eb7d1034da7e1ed3492299b5af0cd501e0277e9b1245781f6c0d,0.0,,0,0,False,False
orka_trace_20250713_145752.json,20250713_145752,0,progressive,2fc09126b5289f231e7d7991bb5ec3ce5e748bedfb27d81bd6ff2b6c3d1265c6,2.457002457002457,introspection,6,3,True,True
orka_trace_20250713_145752.json,20250713_145752,0,progressive,8d29909b8af3dfac79a8e20b5a21269b4636ce0442d008135506810032343cb3,0.0,,4,0,False,True
orka_trace_20250713_145752.json,20250713_145752,0,realist,528b374046ff269e6bcee38a0636b5850e8ef3a2d2e281619e63e138791abb35,0.0,,3,0,False,True
orka_trace_20250713_145752.json,20250713_145752,0,realist,8c7b1ba15504ee958f6e1656cf1935471bd3f31339ccb2b4fecf44386ab86090,3.4602076124567476,introspection,5,1,True,True
orka_trace_20250713_145752.json,20250713_145752,0,progressive,8c75c2884e4e1b83668a60130bcf274fada10d322576b822d9ae7684dadbbec3,0.0,,1,0,False,True
orka_trace_20250713_145752.json,20250713_145752,0,unknown,6dddeb220bd0f32b4e309e52cd4981efa5cefb9541cc02482eacdc523087a2b4,0.0,,1,0,False,True
orka_trace_20250713_145752.json,20250713_145752,9,unknown,6fec13a4f1375163e944803224756ada2bc79b47cab20899a7cd0f3d6ffcd1ef,0.0,,0,0,False,False
orka_trace_20250713_145752.json,20250713_145752,9,unknown,99e1bc67a4ac953d3fd614bc8814d3675d9b763a6a7b04e55d55d4799e739686,0.0,,0,0,False,False
orka_trace_20250713_150128.json,20250713_150128,0,progressive,41cdfec911adc73025891fc0b122938a0974f86ece665ddf80d1e2d9afae5739,0.0,,1,0,False,True
orka_trace_20250713_150128.json,20250713_150128,0,conservative,3de7bdb2f31eeea821fc959a1ecfc2ed4cbdc4c9aea773893eec6dae44db0ca3,0.0,,1,0,False,True
orka_trace_20250713_150128.json,20250713_150128,9,radical_progressive,46a00498803666a42edfcdafbb917d2ec1ce69e2e81c62b7c454917b7b140543,0.0,,1,0,False,True
orka_trace_20250713_150128.json,20250713_150128,0,purist,fd9e1b4c6db9a5844549545b9d277e7d52d98fc018cb36a2b034c0ffd5dbda1e,0.0,,1,0,False,True
orka_trace_20250713_150128.json,20250713_150128,0,devils_advocate,98d326d9afd2c8ae007af5f3bec07849245875480ebb304cb31ed379b6513b7c,0.0,,1,0,False,True
orka_trace_20250713_150128.json,20250713_150128,9,quality_moderator,f5d1c4202e7fc6efc19ccf4bf4354eb2520f07b933de5cdad545f4dcbb854b25,0.0,,1,0,False,True
orka_trace_20250713_150128.json,20250713_150128,10,unknown,4d5b389262e8b040c07ecfa42898c597678925cd3dd2bde1d16f1ea54e10ba96,0.0,,0,0,False,False
orka_trace_20250713_150128.json,20250713_150128,10,unknown,d48dc6fbfc756dc6584355929598cf82406d2b4be19a556c608eaa5d654c4fc3,0.0,,0,0,False,False
orka_trace_20250713_150128.json,20250713_150128,0,progressive,436328d683b0cda943aa78804e49e6f8c1308360c6d47dab9bba79044dcef194,0.0,,12,2,False,True
orka_trace_20250713_150128.json,20250713_150128,0,progressive,94d4ba5ee603ea60eb97ba266e3ce2d2162ef158823837c6d04b471a683b9892,0.0,,4,2,False,True
orka_trace_20250713_150128.json,20250713_150128,0,progressive,3722aacba11c6116cfb301174e17c3b49debb6f50c0b90d6a56096acf86de436,0.0,,11,0,False,True
orka_trace_20250713_150128.json,20250713_150128,0,progressive,0b3ed65d8ed2895d5432368ff5443ce5eb8e2d853e2468b861e0f2c0af82fff5,0.0,,3,0,False,True
orka_trace_20250713_150128.json,20250713_150128,9,radical_progressive,d4b9d0e19f827608808ff01ceac1ee62a42a4a36a74f413ba7c859efc7da6bfc,0.0,,1,0,False,True
orka_trace_20250713_150128.json,20250713_150128,0,progressive,948371ef9b9cb71929aea0aee9d5114e3ba0b7a2a885a79af9772e2d88145783,0.0,,12,0,False,True
orka_trace_20250713_150128.json,20250713_150128,0,realist,c4b9b71e60b5fc7561572c1fea26b913a9f9b63612c381954a7028c365ba05f9,0.0,,4,0,False,True
orka_trace_20250713_150128.json,20250713_150128,0,purist,6cc600bcc225816937b387b86041f8746d1b3214f4b14f289007248122c09db8,1.3986013986013988,my experience,12,2,False,True
orka_trace_20250713_150128.json,20250713_150128,0,purist,223d9b2d39ff2df65361d26810f247d3520730e650ca768726358881c333e91e,4.424778761061948,my experience,4,2,False,True
orka_trace_20250713_150128.json,20250713_150128,10,unknown,c490089895937504ee5a6e643beff8c454862755cd608978841bb2d15b9fcfcc,0.0,,0,0,False,False
orka_trace_20250713_150128.json,20250713_150128,10,unknown,d96254514be7ca3f75c55cf04ef8328831ef19b523f7208f38ebdf1873441ed6,0.0,,0,0,False,False
orka_trace_20250713_150128.json,20250713_150128,10,unknown,a98ea05ce0f9b693c911354e3f0aacd2221067a61ab87f7effd1fbca44291351,0.0,,0,0,False,False
orka_trace_20250713_150128.json,20250713_150128,10,unknown,99f5efd58fd152f2fb1ce444a675189f77a077896b9670387fdcf63a63ffc540,0.0,,0,0,False,False
orka_trace_20250713_150128.json,20250713_150128,0,progressive,8381f9cf938c364cf6cf755de384ed67994c6cc40643825079c8fd27c82eb568,0.0,,2,2,False,True
orka_trace_20250713_150128.json,20250713_150128,0,progressive,9413edbdd00a7cfb55b5e2803bf1467d7c739f8d789d6ee08646192b2655e6b1,0.0,,2,1,False,True
orka_trace_20250713_150128.json,20250713_150128,0,progressive,28dd23cc24173fd54b464496d706527e2b87637c37e18e1f3e55dfda69b4d0ff,0.0,,2,1,False,True
orka_trace_20250713_150128.json,20250713_150128,0,progressive,dfc5f375e9198d593faa81c0d54ef8d03e9ef604cee0dbec0312331418808f2f,0.0,,3,2,False,True
orka_trace_20250713_150128.json,20250713_150128,10,unknown,b8090f462f07f305b46cf07a9839ed5c1fee827bbf0bb26e5609357831317602,0.0,,0,0,False,False
orka_trace_20250713_150128.json,20250713_150128,10,unknown,aaca9321228ef54b3261f76dbfcdaa171c5f20bf277d73f3a93c8a96e70877c7,0.0,,0,0,False,False
orka_trace_20250713_150128.json,20250713_150128,10,unknown,a1a3104cd219d60c69d7d47ebff9b108eca0d98501bc1988bc7cac0409c73c11,0.0,,0,0,False,False
orka_trace_20250713_150128.json,20250713_150128,10,unknown,a5220dcc46521af68f3c8a9a7ed534f67b56e359ce43df52b97f9703f87eb7e3,0.0,,0,0,False,False
orka_trace_20250713_150128.json,20250713_150128,0,progressive,44b1a549f9042fa83f696c7674af542b3061b46460d7e57bf11480c8bd99e388,0.0,,4,3,False,True
orka_trace_20250713_150128.json,20250713_150128,0,progressive,175f6c6e9283a5a9d66cc9d503cd37ea5486377d1c8d6589ee923914f1b5114d,0.0,,3,0,False,True
orka_trace_20250713_150128.json,20250713_150128,0,realist,b05d529290f2e1b9b2459e67766abffb1027d38a23120eedcd72a20c7a7fc5c1,0.0,,4,0,False,True
orka_trace_20250713_150128.json,20250713_150128,0,purist,6b7b2a9e25b5dc5dc9693ee640b2c981b3461d2a440798f41be7a56cfca60952,3.4965034965034962,my experience,5,3,False,True
orka_trace_20250713_150128.json,20250713_150128,0,progressive,5375ce4a8b1b5f84b22f96c9ac38072cbd32873d3f1526d17701918d05bc60f6,0.0,,1,1,False,True
orka_trace_20250713_150128.json,20250713_150128,0,unknown,76eb81fcbb5edfd09fd46fbadfb4437c6ea8f0848e60d0676951eb24baaba7af,0.0,,1,0,False,True
orka_trace_20250713_150128.json,20250713_150128,10,unknown,8cef97c832a82b2cf0f7014e4107617bdf3a6a9ade280fa1b71a0cba24e41b87,0.0,,0,0,False,False
orka_trace_20250713_150128.json,20250713_150128,10,unknown,3deb6b2f618a1f4196eb6bd5e3ad909fae26811e890f74c717f366084caca73d,0.0,,0,0,False,False
orka_trace_20250713_150221.json,20250713_150221,0,unknown,0e343bb2b1a64e5bfe5ea7e92bc2fc61ee02a061676e1aaf64eda286d77dbea7,0.0,,0,0,False,False
orka_trace_20250713_150221.json,20250713_150221,0,unknown,2d771822d5219aca000d0a12e12ca67e25fa330330a16a19db48b2f8bdcb9a95,0.0,,0,0,False,False
orka_trace_20250713_150221.json,20250713_150221,0,unknown,2910213108d2fbeb84bd50af419fe70e28dd5c6650e728ee779f700187d13245,0.0,,0,0,False,False
orka_trace_20250713_150221.json,20250713_150221,0,unknown,8d5efa52ecea301c84876524fc8ff061a05227a9fd3d041fe88919dd39972f29,0.0,,0,0,False,False
