{
  "experiment_number": 20,
  "topic": "Criminalise dead-naming as hate speech.",
  "expected_loops": 5,
  "assigned_trace_files": 5,
  "timestamp_range": {
    "first": "2025-07-04T00:39:57+00:00",
    "last": "2025-07-04T00:42:17+00:00"
  },
  "files": {
    "final_result": "final_result.json",
    "traces": [
      {
        "original_file": "orka_trace_20250704_003957.json",
        "new_file": "trace_loop_01.json",
        "timestamp": "2025-07-04T00:39:57+00:00"
      },
      {
        "original_file": "orka_trace_20250704_004029.json",
        "new_file": "trace_loop_02.json",
        "timestamp": "2025-07-04T00:40:29+00:00"
      },
      {
        "original_file": "orka_trace_20250704_004107.json",
        "new_file": "trace_loop_03.json",
        "timestamp": "2025-07-04T00:41:07+00:00"
      },
      {
        "original_file": "orka_trace_20250704_004136.json",
        "new_file": "trace_loop_04.json",
        "timestamp": "2025-07-04T00:41:36+00:00"
      },
      {
        "original_file": "orka_trace_20250704_004217.json",
        "new_file": "trace_loop_05.json",
        "timestamp": "2025-07-04T00:42:17+00:00"
      }
    ]
  }
}