{
  "experiment_number": 45,
  "topic": "Allow sentencing algorithms to override judicial discretion.",
  "expected_loops": 4,
  "assigned_trace_files": 4,
  "timestamp_range": {
    "first": "2025-07-04T01:26:06+00:00",
    "last": "2025-07-04T01:27:41+00:00"
  },
  "files": {
    "final_result": "final_result.json",
    "traces": [
      {
        "original_file": "orka_trace_20250704_012606.json",
        "new_file": "trace_loop_01.json",
        "timestamp": "2025-07-04T01:26:06+00:00"
      },
      {
        "original_file": "orka_trace_20250704_012634.json",
        "new_file": "trace_loop_02.json",
        "timestamp": "2025-07-04T01:26:34+00:00"
      },
      {
        "original_file": "orka_trace_20250704_012703.json",
        "new_file": "trace_loop_03.json",
        "timestamp": "2025-07-04T01:27:03+00:00"
      },
      {
        "original_file": "orka_trace_20250704_012741.json",
        "new_file": "trace_loop_04.json",
        "timestamp": "2025-07-04T01:27:41+00:00"
      }
    ]
  }
}