{
  "experiment_number": 30,
  "topic": "Force all political ads through AI fact-checking pre-release.",
  "expected_loops": 2,
  "assigned_trace_files": 2,
  "timestamp_range": {
    "first": "2025-07-04T01:02:28+00:00",
    "last": "2025-07-04T01:03:04+00:00"
  },
  "files": {
    "final_result": "final_result.json",
    "traces": [
      {
        "original_file": "orka_trace_20250704_010228.json",
        "new_file": "trace_loop_01.json",
        "timestamp": "2025-07-04T01:02:28+00:00"
      },
      {
        "original_file": "orka_trace_20250704_010304.json",
        "new_file": "trace_loop_02.json",
        "timestamp": "2025-07-04T01:03:04+00:00"
      }
    ]
  }
}